seed,model,split,n,accuracy,balanced_accuracy,f1,roc_auc,log_loss,brier,fit_seconds,selected_epoch
0,AngleEmbedding,train,300,0.8566666666666667,0.8566666666666667,0.858085808580858,0.9253333333333333,0.35950287320512747,0.11131576798004711,5.092573711997829,36
0,AngleEmbedding,validation,100,0.84,0.84,0.8431372549019608,0.9444,0.32338512818362725,0.09905443230469986,5.092573711997829,36
0,AngleEmbedding,test,100,0.9,0.9,0.8979591836734694,0.9703999999999999,0.29410892470973393,0.08545933954473281,5.092573711997829,36
0,BasisEmbedding,train,300,0.82,0.82,0.82,0.8405333333333332,0.4644069964026599,0.14543559670395173,13.550254116009455,52
0,BasisEmbedding,validation,100,0.83,0.8300000000000001,0.8247422680412371,0.881,0.4247434818997746,0.13148674745734554,13.550254116009455,52
0,BasisEmbedding,test,100,0.87,0.87,0.865979381443299,0.8957999999999999,0.3886090141645964,0.11407119660905257,13.550254116009455,52
0,AmplitudeEmbedding,train,300,0.8533333333333334,0.8533333333333333,0.8552631578947368,0.9016888888888889,0.3975731992250565,0.12426643781879157,4.454213916033041,63
0,AmplitudeEmbedding,validation,100,0.85,0.85,0.8484848484848485,0.9239999999999999,0.3540935453962195,0.11165143313628886,4.454213916033041,63
0,AmplitudeEmbedding,test,100,0.9,0.9,0.8979591836734694,0.9648,0.3021202554279974,0.08957391951103469,4.454213916033041,63
1,AngleEmbedding,train,300,0.8666666666666667,0.8666666666666667,0.868421052631579,0.9437777777777778,0.31639004776454255,0.09971806970896328,4.396836492989678,76
1,AngleEmbedding,validation,100,0.86,0.8600000000000001,0.8679245283018868,0.9324,0.34251226107947824,0.10708408136919452,4.396836492989678,76
1,AngleEmbedding,test,100,0.91,0.9099999999999999,0.912621359223301,0.9663999999999999,0.27887083518667927,0.08130065001721322,4.396836492989678,76
1,BasisEmbedding,train,300,0.8266666666666667,0.8266666666666667,0.8266666666666667,0.8632444444444445,0.4424134290016147,0.13759598857950647,12.518814571958501,75
1,BasisEmbedding,validation,100,0.83,0.83,0.8316831683168316,0.8546,0.4489927798349535,0.13921963866746184,12.518814571958501,75
1,BasisEmbedding,test,100,0.86,0.86,0.8571428571428571,0.9143999999999999,0.37577641028558983,0.1116224559954402,12.518814571958501,75
1,AmplitudeEmbedding,train,300,0.8733333333333333,0.8733333333333333,0.8782051282051282,0.9190666666666666,0.3677405187000038,0.11231266749381694,4.558648295002058,52
1,AmplitudeEmbedding,validation,100,0.85,0.8500000000000001,0.8598130841121495,0.9152,0.38031113382508286,0.11382456641597949,4.558648295002058,52
1,AmplitudeEmbedding,test,100,0.9,0.8999999999999999,0.9038461538461539,0.9672000000000001,0.2978743752502956,0.08544200116273513,4.558648295002058,52
2,AngleEmbedding,train,300,0.87,0.87,0.8704318936877077,0.9465333333333333,0.3091703166394399,0.09377706609475114,5.1851737489923835,100
2,AngleEmbedding,validation,100,0.81,0.81,0.8080808080808081,0.9112,0.35939441962664165,0.1149815969415781,5.1851737489923835,100
2,AngleEmbedding,test,100,0.84,0.84,0.8367346938775511,0.9336,0.3337548430683032,0.10267403374390166,5.1851737489923835,100
2,BasisEmbedding,train,300,0.8466666666666667,0.8466666666666667,0.8466666666666667,0.8842666666666665,0.41009662207671654,0.12453449639963403,14.102462098002434,48
2,BasisEmbedding,validation,100,0.81,0.81,0.8,0.8483999999999999,0.47161282759629086,0.14926977699136373,14.102462098002434,48
2,BasisEmbedding,test,100,0.86,0.86,0.8541666666666666,0.8701999999999999,0.40956020383273617,0.12200079299099684,14.102462098002434,48
2,AmplitudeEmbedding,train,300,0.87,0.87,0.8695652173913043,0.9266222222222221,0.3528055094841077,0.10647929625435197,4.13073042803444,96
2,AmplitudeEmbedding,validation,100,0.83,0.83,0.8282828282828283,0.9032,0.41100662063628485,0.12543457142748884,4.13073042803444,96
2,AmplitudeEmbedding,test,100,0.87,0.87,0.8686868686868687,0.9091999999999999,0.3757703605844743,0.11071939314126071,4.13073042803444,96
3,AngleEmbedding,train,300,0.83,0.83,0.8282828282828283,0.9241333333333334,0.3605296174691011,0.11346685730988774,4.455568908015266,21
3,AngleEmbedding,validation,100,0.89,0.89,0.8888888888888888,0.952,0.3051976578128692,0.08753905461344648,4.455568908015266,21
3,AngleEmbedding,test,100,0.79,0.79,0.7920792079207921,0.9264,0.3632546245032024,0.11667418937798463,4.455568908015266,21
3,BasisEmbedding,train,300,0.82,0.82,0.82,0.8430666666666667,0.4636408778243547,0.14525456054294064,12.524563290993683,47
3,BasisEmbedding,validation,100,0.83,0.8300000000000001,0.8247422680412371,0.8884,0.4233638269834487,0.13082948301889574,12.524563290993683,47
3,BasisEmbedding,test,100,0.82,0.8200000000000001,0.8163265306122449,0.8555999999999999,0.454711791125298,0.14231323046451042,12.524563290993683,47
3,AmplitudeEmbedding,train,300,0.86,0.86,0.8627450980392157,0.9262222222222222,0.35479919019948364,0.10823408444890537,4.318851538002491,41
3,AmplitudeEmbedding,validation,100,0.88,0.88,0.8846153846153846,0.9388,0.3430356600885232,0.10223241327782866,4.318851538002491,41
3,AmplitudeEmbedding,test,100,0.86,0.86,0.8627450980392157,0.9212,0.3720204772412466,0.11471022425522799,4.318851538002491,41
4,AngleEmbedding,train,300,0.8633333333333333,0.8633333333333333,0.8600682593856656,0.9460444444444444,0.3096569045423696,0.09636550151724747,4.292334549012594,52
4,AngleEmbedding,validation,100,0.85,0.8500000000000001,0.8571428571428571,0.9239999999999999,0.34671920369048,0.11268642134201733,4.292334549012594,52
4,AngleEmbedding,test,100,0.88,0.88,0.8846153846153846,0.948,0.30850958901972286,0.09487910171804968,4.292334549012594,52
4,BasisEmbedding,train,300,0.8333333333333334,0.8333333333333334,0.8333333333333334,0.8466666666666667,0.4562242228713397,0.1407594316330956,12.344214871001896,100
4,BasisEmbedding,validation,100,0.83,0.83,0.8468468468468469,0.792,0.4719208468004532,0.1461527761019836,12.344214871001896,100
4,BasisEmbedding,test,100,0.85,0.8500000000000001,0.8598130841121495,0.8320000000000001,0.44047822449705865,0.13306588494224825,12.344214871001896,100
4,AmplitudeEmbedding,train,300,0.8766666666666667,0.8766666666666667,0.8794788273615635,0.9372,0.3372792579003009,0.10194686613722612,4.584704720997252,62
4,AmplitudeEmbedding,validation,100,0.82,0.8200000000000001,0.8333333333333334,0.902,0.4220180079679116,0.13004803982797666,4.584704720997252,62
4,AmplitudeEmbedding,test,100,0.86,0.86,0.8703703703703703,0.9352,0.3569925827082504,0.10839924032736298,4.584704720997252,62
