model,metric,mean,std,runs
AngleEmbedding,accuracy,0.8640000000000001,0.04929503017546495,5
AngleEmbedding,balanced_accuracy,0.8640000000000001,0.049295030175464924,5
AngleEmbedding,f1,0.8648019658620996,0.04963627281626205,5
AngleEmbedding,roc_auc,0.9489599999999999,0.019426991532401478,5
AngleEmbedding,log_loss,0.31569976329752836,0.03339791757237068,5
AngleEmbedding,brier,0.09619746288037641,0.014143927147490227,5
AngleEmbedding,fit_seconds,4.68449748220155,0.42016420492857165,5
BasisEmbedding,accuracy,0.852,0.019235384061671364,5
BasisEmbedding,balanced_accuracy,0.852,0.019235384061671315,5
BasisEmbedding,f1,0.8506857039954434,0.019694988963808713,5
BasisEmbedding,roc_auc,0.8735999999999999,0.03249461493847859,5
BasisEmbedding,log_loss,0.4138271287810558,0.03348079169169583,5
BasisEmbedding,brier,0.12461471220044965,0.01295624256305815,5
BasisEmbedding,fit_seconds,13.008061789593194,0.7754854807321264,5
AmplitudeEmbedding,accuracy,0.8779999999999999,0.020493901531919215,5
AmplitudeEmbedding,balanced_accuracy,0.8779999999999999,0.020493901531919184,5
AmplitudeEmbedding,f1,0.8807215349232157,0.018755110082541625,5
AmplitudeEmbedding,roc_auc,0.9395199999999999,0.02587879440777723,5
AmplitudeEmbedding,log_loss,0.34095561024245286,0.038073793089580976,5
AmplitudeEmbedding,brier,0.1017689556795243,0.013293191758945513,5
AmplitudeEmbedding,fit_seconds,4.409429779613856,0.1876638189093851,5
