seed,model,split,n,accuracy,balanced_accuracy,f1,roc_auc,log_loss,brier,raw_accuracy,fit_seconds,predict_ms_per_sample,selected_epoch
0,logistic_regression,train,300,0.8566666666666667,0.8566666666666667,0.8561872909698997,0.9384,0.3182101031322198,0.10046067837914807,,0.02622575598070398,0.00047318268722544116,
0,logistic_regression,validation,100,0.86,0.86,0.8541666666666666,0.9532,0.28328372380274347,0.08837662977884014,,0.02622575598070398,0.0013964800164103508,
0,logistic_regression,test,100,0.9,0.9,0.8979591836734694,0.9688000000000001,0.2501173552544805,0.0750301116114685,,0.02622575598070398,0.001291103893890977,
0,perceptron_calibrated,train,300,0.7466666666666667,0.7466666666666666,0.7483443708609272,0.8740888888888889,0.43701015295436274,0.14745554665504887,0.7666666666666667,0.027114293014165014,0.0036120246707772217,
0,perceptron_calibrated,validation,100,0.78,0.78,0.7843137254901961,0.8904000000000001,0.4152100014975149,0.13779262755198518,0.76,0.027114293014165014,0.010633388068526983,
0,perceptron_calibrated,test,100,0.73,0.73,0.7378640776699029,0.872,0.44022961282717454,0.14950844559713933,0.75,0.027114293014165014,0.013658992014825344,
0,rbf_svm_calibrated,train,300,0.9366666666666666,0.9366666666666666,0.9368770764119602,0.9897777777777779,0.1431718723489534,0.04194743823612493,,0.01774425304029137,0.00836218730546534,
0,rbf_svm_calibrated,validation,100,0.97,0.97,0.9696969696969697,0.9984,0.07546207152664541,0.019243274281959103,,0.01774425304029137,0.015004746033810079,
0,rbf_svm_calibrated,test,100,0.99,0.99,0.9900990099009901,1.0,0.05109689367566104,0.009078812943324754,,0.01774425304029137,0.015383856021799147,
0,mlp,train,300,0.9566666666666667,0.9566666666666667,0.9570957095709571,0.9963555555555555,0.08219261212564946,0.024627623451354216,,10.280154073028825,0.0003745313345765074,1000
0,mlp,validation,100,0.99,0.99,0.98989898989899,0.9992,0.056681238853154,0.01395285227838525,,10.280154073028825,0.0028170900186523795,1000
0,mlp,test,100,0.98,0.98,0.9803921568627451,0.9964,0.0724664856538956,0.0194927733329372,,10.280154073028825,0.0015334601048380136,1000
0,pennylane_vqc,train,300,0.9433333333333334,0.9433333333333334,0.9431438127090301,0.9909777777777777,0.18552246302771244,0.04702319087279882,,5.229069105989765,0.025839393337567646,100
0,pennylane_vqc,validation,100,0.94,0.94,0.9387755102040817,0.9952000000000001,0.16943322136451633,0.04218117917634594,,5.229069105989765,0.07340452203061432,100
0,pennylane_vqc,test,100,0.99,0.99,0.9900990099009901,0.9995999999999999,0.15299141972197525,0.03252928647419028,,5.229069105989765,0.06220486806705594,100
1,logistic_regression,train,300,0.88,0.88,0.8807947019867549,0.9556,0.27841302105079324,0.08905919107699622,,0.10470436495961621,0.0009026066788161794,
1,logistic_regression,validation,100,0.87,0.87,0.8761904761904762,0.9388000000000001,0.31484884321562395,0.09791022076358857,,0.10470436495961621,0.001941645983606577,
1,logistic_regression,test,100,0.92,0.9199999999999999,0.9215686274509803,0.9768,0.2210618862448517,0.0654227405851855,,0.10470436495961621,0.0017546239541843534,
1,perceptron_calibrated,train,300,0.87,0.87,0.865979381443299,0.9540444444444445,0.28971116170813377,0.0901312122833957,0.8766666666666667,0.009352939028758556,0.001846779331875344,
1,perceptron_calibrated,validation,100,0.87,0.87,0.8737864077669902,0.9420000000000001,0.3178096177773039,0.09803043306838323,0.87,0.009352939028758556,0.016863764030858874,
1,perceptron_calibrated,test,100,0.9,0.9,0.8979591836734694,0.9752,0.24423521327153763,0.07063416439653547,0.91,0.009352939028758556,0.06256542599294335,
1,rbf_svm_calibrated,train,300,0.95,0.95,0.9498327759197325,0.9933333333333333,0.12737703808076603,0.03341835733109352,,0.01473070599604398,0.017739864027438063,
1,rbf_svm_calibrated,validation,100,0.93,0.9299999999999999,0.9292929292929293,0.986,0.15822488123816192,0.04243418822268269,,0.01473070599604398,0.023648645961657166,
1,rbf_svm_calibrated,test,100,1.0,1.0,1.0,1.0,0.07830612655035875,0.012582545244353552,,0.01473070599604398,0.09496951999608427,
1,mlp,train,300,0.9633333333333334,0.9633333333333334,0.9634551495016611,0.9970666666666667,0.07243902715172873,0.021379439550103345,,10.38468560000183,0.000757000680702428,1000
1,mlp,validation,100,0.95,0.95,0.9484536082474226,0.9936,0.10885830725517696,0.031280594823296724,,10.38468560000183,0.00179705407936126,1000
1,mlp,test,100,0.94,0.94,0.94,0.9947999999999999,0.09785682208456713,0.032622464111618156,,10.38468560000183,0.0020692580146715045,1000
1,pennylane_vqc,train,300,0.93,0.9299999999999999,0.9297658862876255,0.9886222222222222,0.1942526247418167,0.05120615267932495,,5.545350156025961,0.027111670662028093,100
1,pennylane_vqc,validation,100,0.93,0.9299999999999999,0.9292929292929293,0.9836,0.205989825850512,0.05495904323413019,,5.545350156025961,0.06379454000853002,100
1,pennylane_vqc,test,100,0.97,0.97,0.9696969696969697,0.998,0.15582927559944906,0.033621172993264246,,5.545350156025961,0.0720913460245356,100
2,logistic_regression,train,300,0.8766666666666667,0.8766666666666667,0.8770764119601329,0.9566222222222223,0.2697260774124868,0.08289397414936259,,0.010701129969675094,0.0018006566679105163,
2,logistic_regression,validation,100,0.79,0.79,0.7961165048543689,0.9248000000000001,0.33594341013338386,0.11090087291118658,,0.010701129969675094,0.0011765920789912343,
2,logistic_regression,test,100,0.84,0.84,0.8367346938775511,0.9444,0.3116707467452478,0.09744434972085816,,0.010701129969675094,0.001046371995471418,
2,perceptron_calibrated,train,300,0.8633333333333333,0.8633333333333333,0.8655737704918033,0.9532888888888889,0.2943547419316656,0.09053447155107779,0.8633333333333333,0.042636281985323876,0.0035888760273034372,
2,perceptron_calibrated,validation,100,0.82,0.8200000000000001,0.8235294117647058,0.9264,0.3461051118505857,0.11263330538722352,0.8,0.042636281985323876,0.010226833983324468,
2,perceptron_calibrated,test,100,0.83,0.8300000000000001,0.8210526315789474,0.9388000000000001,0.33184014244547183,0.1055213934169,0.83,0.042636281985323876,0.009545273962430656,
2,rbf_svm_calibrated,train,300,0.9633333333333334,0.9633333333333334,0.9629629629629629,0.9925777777777778,0.12415984778388674,0.033375695567213294,,0.029756313015241176,0.0069061013249059515,
2,rbf_svm_calibrated,validation,100,0.94,0.94,0.94,0.9856,0.1552011693260891,0.04140192159128254,,0.029756313015241176,0.03672089602332562,
2,rbf_svm_calibrated,test,100,0.94,0.94,0.94,0.9852000000000001,0.1727079054826562,0.04939527837828579,,0.029756313015241176,0.014472517999820411,
2,mlp,train,300,0.9733333333333334,0.9733333333333334,0.9735099337748344,0.9976,0.062391275457402626,0.018601637828952505,,10.518017882946879,0.0006878306545938054,1000
2,mlp,validation,100,0.96,0.96,0.9607843137254902,0.9956,0.07968595792196184,0.024852421141143843,,10.518017882946879,0.0018105539493262768,1000
2,mlp,test,100,0.92,0.92,0.92,0.9892000000000001,0.14787006110823503,0.05119894386206762,,10.518017882946879,0.0015481699956580997,1000
2,pennylane_vqc,train,300,0.9633333333333334,0.9633333333333334,0.9634551495016611,0.9937777777777778,0.17738963266071556,0.04346172711923023,,5.994150290032849,0.02792127733118832,100
2,pennylane_vqc,validation,100,0.95,0.95,0.9494949494949495,0.9916,0.20139013986976603,0.05041132475946829,,5.994150290032849,0.07727607397828251,100
2,pennylane_vqc,test,100,0.94,0.94,0.9387755102040817,0.9852000000000001,0.21028010366567618,0.057026396597068575,,5.994150290032849,0.084553680033423,100
3,logistic_regression,train,300,0.88,0.88,0.88,0.9528444444444444,0.2816486057048543,0.08913785387012586,,0.010761624958831817,0.0018234893602008622,
3,logistic_regression,validation,100,0.92,0.92,0.92,0.9563999999999999,0.25565030102864184,0.07257079348289126,,0.010761624958831817,0.001739421975798905,
3,logistic_regression,test,100,0.84,0.84,0.8367346938775511,0.9488000000000001,0.2928517701089378,0.09433470912275708,,0.010761624958831817,0.0015470619546249509,
3,perceptron_calibrated,train,300,0.86,0.86,0.8581081081081081,0.9478222222222222,0.2931641172084778,0.09434020343792841,0.8566666666666667,0.011897150019649416,0.003533571337660154,
3,perceptron_calibrated,validation,100,0.9,0.9,0.9,0.9488,0.28693587770681006,0.0827940893312023,0.91,0.011897150019649416,0.014240783988498151,
3,perceptron_calibrated,test,100,0.85,0.8500000000000001,0.8421052631578947,0.9456,0.29946186608615905,0.09629406015609708,0.86,0.011897150019649416,0.01014747004956007,
3,rbf_svm_calibrated,train,300,0.97,0.97,0.9702970297029703,0.9956444444444444,0.09412033585154911,0.02345679658728833,,0.022592975990846753,0.01854264464539786,
3,rbf_svm_calibrated,validation,100,0.96,0.96,0.96,0.9884,0.1282702801342086,0.03354207115209779,,0.022592975990846753,0.017133033950813115,
3,rbf_svm_calibrated,test,100,0.97,0.97,0.9696969696969697,0.9928,0.12617954177444365,0.03310948998738967,,0.022592975990846753,0.02146615006495267,
3,mlp,train,300,0.99,0.99,0.9899665551839465,0.9975999999999999,0.05874177535736628,0.012922208561835194,,9.367723486036994,0.0005057660164311528,729
3,mlp,validation,100,0.97,0.97,0.9702970297029703,0.9896,0.11690133767770608,0.03212990701756431,,9.367723486036994,0.0015855180099606514,729
3,mlp,test,100,0.95,0.95,0.9484536082474226,0.992,0.12749838443440073,0.03884703536088547,,9.367723486036994,0.00234400003682822,729
3,pennylane_vqc,train,300,0.94,0.94,0.9407894736842105,0.9895555555555555,0.17493239926011872,0.04570320960179503,,5.822460893949028,0.034594660702471934,78
3,pennylane_vqc,validation,100,0.95,0.95,0.9494949494949495,0.9896,0.1662740146266576,0.04059466447459223,,5.822460893949028,0.11972844798583537,78
3,pennylane_vqc,test,100,0.93,0.9299999999999999,0.9306930693069307,0.9896,0.19744643579769008,0.05226931224420096,,5.822460893949028,0.1171380759915337,78
4,logistic_regression,train,300,0.8666666666666667,0.8666666666666667,0.8648648648648649,0.9563111111111111,0.27036038249046085,0.08599276601739893,,0.030491282988805324,0.0005046673274288574,
4,logistic_regression,validation,100,0.86,0.86,0.8653846153846154,0.942,0.31808338997624186,0.10138018577479324,,0.030491282988805324,0.001431237906217575,
4,logistic_regression,test,100,0.89,0.89,0.8910891089108911,0.9575999999999999,0.27200810679184473,0.08351557526267751,,0.030491282988805324,0.0016995699843391776,
4,perceptron_calibrated,train,300,0.8466666666666667,0.8466666666666667,0.8466666666666667,0.9470666666666667,0.30710506137277094,0.09676933233844105,0.8533333333333334,0.06994810298783705,0.003636920009739697,
4,perceptron_calibrated,validation,100,0.84,0.84,0.84,0.9336,0.3419648909052478,0.11076952829041387,0.81,0.06994810298783705,0.014728568028658628,
4,perceptron_calibrated,test,100,0.84,0.84,0.84,0.9416,0.3224000373701987,0.1020148787234174,0.85,0.06994810298783705,0.010285825934261084,
4,rbf_svm_calibrated,train,300,0.9566666666666667,0.9566666666666667,0.9565217391304348,0.9951555555555556,0.11162681649218728,0.03028186683145441,,0.11052126897266135,0.05155483198662599,
4,rbf_svm_calibrated,validation,100,0.94,0.94,0.94,0.9888,0.13064818577823428,0.035763798159339256,,0.11052126897266135,0.019768862053751945,
4,rbf_svm_calibrated,test,100,0.96,0.96,0.96,0.9952,0.1069894367577941,0.026832856145807767,,0.11052126897266135,0.020268235937692225,
4,mlp,train,300,0.9666666666666667,0.9666666666666667,0.9666666666666667,0.9972,0.07437000651874394,0.022277080701313158,,10.330253072956111,0.000999139971099794,1000
4,mlp,validation,100,0.97,0.97,0.9702970297029703,0.9924000000000001,0.11128746459860364,0.02791837346469851,,10.330253072956111,0.001448503928259015,1000
4,mlp,test,100,0.99,0.99,0.9900990099009901,0.9988,0.06810859848176425,0.016555905142330896,,10.330253072956111,0.001793385948985815,1000
4,pennylane_vqc,train,300,0.96,0.96,0.959731543624161,0.9955111111111111,0.16345168658307177,0.03859023461726525,,5.932049979979638,0.028322578640654683,100
4,pennylane_vqc,validation,100,0.95,0.95,0.9494949494949495,0.9904000000000001,0.1832202450460563,0.046526229307013646,,5.932049979979638,0.09701906598638743,100
4,pennylane_vqc,test,100,0.96,0.96,0.96,0.9947999999999999,0.1738375697577294,0.039741680447087056,,5.932049979979638,0.07187851797789335,100
