seed,epoch,train_log_loss,val_log_loss,train_accuracy,val_accuracy
0,0,0.8259910069390141,0.9116671167019791,0.6633333333333333,0.63
0,1,0.8009119748310178,0.8931889260935978,0.6766666666666666,0.64
0,2,0.7747338911318087,0.8604787911240294,0.67,0.65
0,3,0.7443430238785645,0.8193286944616814,0.67,0.66
0,4,0.7151500497291836,0.7750124762692675,0.68,0.67
0,5,0.6856257278578489,0.7354376901991447,0.6866666666666666,0.67
0,6,0.6518162132404067,0.7009611513516713,0.6966666666666667,0.67
0,7,0.6213787448508348,0.6689791504085291,0.6966666666666667,0.68
0,8,0.592492477588291,0.6368210477408918,0.6933333333333334,0.69
0,9,0.564093042853647,0.6028777447327435,0.7,0.69
0,10,0.5360988452315025,0.5673710124937489,0.7233333333333334,0.7
0,11,0.5091137037359382,0.5316405415831019,0.75,0.7
0,12,0.48406706773556624,0.4973614633633362,0.7666666666666667,0.73
0,13,0.46197655221375344,0.466150682673443,0.7733333333333333,0.77
0,14,0.4437666254758051,0.43943791987248276,0.7933333333333333,0.79
0,15,0.4298859178171179,0.418114053273428,0.8033333333333333,0.79
0,16,0.4198224888275183,0.40204954870383397,0.8066666666666666,0.8
0,17,0.41199331388180277,0.3899352143336805,0.8033333333333333,0.8
0,18,0.40449850111948665,0.3799256707467968,0.8133333333333334,0.78
0,19,0.3961606860726528,0.3706196400570956,0.86,0.84
0,20,0.38685274114303997,0.36142771015560077,0.8866666666666667,0.88
0,21,0.3771887373582434,0.35240020642598574,0.9,0.89
0,22,0.36804460889551116,0.3439557391916748,0.9133333333333333,0.9
0,23,0.3600325908264699,0.33641178311237985,0.92,0.92
0,24,0.3531304553662297,0.3295731981425852,0.9266666666666666,0.92
0,25,0.3469049547981558,0.3229711179297671,0.9333333333333333,0.93
0,26,0.3408452682775564,0.31616573464504755,0.9433333333333334,0.93
0,27,0.3344932903048441,0.30884513988957596,0.94,0.93
0,28,0.3275641073156863,0.3009279175925615,0.9466666666666667,0.94
0,29,0.32000132318406715,0.29258062391599216,0.9566666666666667,0.96
0,30,0.31190772736748146,0.28409230389335105,0.95,0.96
0,31,0.3034480255577068,0.27572530718506905,0.9466666666666667,0.96
0,32,0.2948169302475961,0.26766400996571305,0.9466666666666667,0.96
0,33,0.2862402648558259,0.2600400087278722,0.9466666666666667,0.96
0,34,0.2779502986866489,0.25295182174133113,0.9466666666666667,0.95
0,35,0.27015159044026255,0.24646792740192802,0.9466666666666667,0.95
0,36,0.2630079335904058,0.24063594525024182,0.9466666666666667,0.95
0,37,0.25664348809684034,0.23549403404740524,0.9433333333333334,0.95
0,38,0.25113679066073186,0.23106788116022134,0.9433333333333334,0.94
0,39,0.2465004398602032,0.22734990241492872,0.94,0.93
0,40,0.2426606409402609,0.22427595895287436,0.94,0.93
0,41,0.2394619953859142,0.22172358130965125,0.94,0.93
0,42,0.23670801442348818,0.21954160566547581,0.9366666666666666,0.93
0,43,0.2342153884755973,0.21759206185030167,0.9333333333333333,0.93
0,44,0.23185020210653107,0.2157765118663269,0.9333333333333333,0.93
0,45,0.2295372745932002,0.21403974063684342,0.9333333333333333,0.93
0,46,0.22725328322797944,0.21236101814751338,0.93,0.92
0,47,0.2250131514423788,0.21074170028731615,0.93,0.92
0,48,0.22285261835570233,0.20919164392781855,0.9333333333333333,0.92
0,49,0.2208093377366912,0.2077161282665356,0.9366666666666666,0.91
0,50,0.2189078272953698,0.2063073567835335,0.9333333333333333,0.91
0,51,0.21715417471407966,0.20494476476268889,0.9333333333333333,0.91
0,52,0.21554216122993244,0.20360435161637472,0.93,0.91
0,53,0.21406573339911347,0.20227159592384417,0.93,0.91
0,54,0.21272882748422994,0.20094993409502823,0.93,0.91
0,55,0.2115460334050112,0.1996599283338883,0.93,0.91
0,56,0.2105344697721966,0.19843063324518234,0.93,0.91
0,57,0.2097028263460999,0.1972890728270076,0.93,0.91
0,58,0.20904416270448217,0.19625339662424537,0.93,0.91
0,59,0.20853561010646546,0.1953316213584599,0.93,0.91
0,60,0.2081437941352626,0.1945240949222618,0.93,0.91
0,61,0.20783222515000802,0.1938262606896799,0.93,0.91
0,62,0.20756701757569768,0.1932293607682429,0.93,0.91
0,63,0.20731931738129866,0.19271912154044835,0.9333333333333333,0.91
0,64,0.20706503534284873,0.19227429954621705,0.9333333333333333,0.91
0,65,0.2067835452533861,0.19186707582241297,0.9366666666666666,0.91
0,66,0.20645674745396633,0.19146599059644342,0.9366666666666666,0.91
0,67,0.2060690973222656,0.19104065782693808,0.9366666666666666,0.91
0,68,0.20560861832458333,0.19056686572589143,0.9366666666666666,0.91
0,69,0.20506864216098047,0.19003083331622922,0.9366666666666666,0.91
0,70,0.2044496932213117,0.18943171626083866,0.9366666666666666,0.93
0,71,0.20376049879016525,0.18878159437438616,0.9366666666666666,0.93
0,72,0.2030170153346364,0.18810242365761534,0.9366666666666666,0.93
0,73,0.2022390551257916,0.18742021923398358,0.9433333333333334,0.93
0,74,0.2014453901673896,0.18675794321354314,0.9433333333333334,0.94
0,75,0.2006492902341227,0.18612948393517684,0.9433333333333334,0.94
0,76,0.19985648625112304,0.18553694594509693,0.9433333333333334,0.94
0,77,0.19906635772639106,0.18497205607045164,0.9433333333333334,0.94
0,78,0.19827540702000185,0.18442054391837315,0.9433333333333334,0.95
0,79,0.19748093101809763,0.18386706312889228,0.9466666666666667,0.95
0,80,0.19668299392267533,0.18329839406006138,0.9466666666666667,0.95
0,81,0.19588414375682844,0.18270410700788758,0.9466666666666667,0.95
0,82,0.19508779997622797,0.18207551991300108,0.9466666666666667,0.95
0,83,0.19429687170308513,0.1814045964028129,0.9466666666666667,0.95
0,84,0.19351366312440135,0.18068405923559058,0.9466666666666667,0.95
0,85,0.19274099850572982,0.17990890638064705,0.9466666666666667,0.95
0,86,0.19198359377028373,0.1790785271582046,0.9466666666666667,0.95
0,87,0.19124858573210615,0.17819831158139837,0.9466666666666667,0.95
0,88,0.1905447662341689,0.17728005090072319,0.9466666666666667,0.95
0,89,0.1898809060553488,0.17634108514593433,0.9466666666666667,0.95
0,90,0.189263989682233,0.1754025607110327,0.9433333333333334,0.95
0,91,0.1886980363808893,0.17448719074826047,0.9433333333333334,0.95
0,92,0.18818375671385784,0.1736168201783505,0.9433333333333334,0.94
0,93,0.18771897127305348,0.17281012944181653,0.9433333333333334,0.94
0,94,0.18729958958520826,0.17208089789825887,0.9433333333333334,0.94
0,95,0.18692086330338667,0.17143715848332802,0.9433333333333334,0.94
0,96,0.18657851968982336,0.17088126719832544,0.9433333333333334,0.94
0,97,0.18626938239952662,0.1704106163044499,0.9433333333333334,0.94
0,98,0.18599133020748757,0.17001868421390592,0.9433333333333334,0.94
0,99,0.18574282544739976,0.16969630955374482,0.9433333333333334,0.94
0,100,0.18552246302771244,0.16943322136451633,0.9433333333333334,0.94
1,0,0.8303550016739997,0.9926224392077537,0.67,0.58
1,1,0.7999657713127415,0.9603768410803244,0.67,0.56
1,2,0.7661363560615431,0.9338138109455659,0.6733333333333333,0.58
1,3,0.7327629801376808,0.9014645982455207,0.68,0.58
1,4,0.7014226629140222,0.8661172263265756,0.6833333333333333,0.6
1,5,0.6731053831709743,0.8314026870869086,0.6866666666666666,0.6
1,6,0.6469213083858901,0.7968203878538909,0.6933333333333334,0.61
1,7,0.622536495775867,0.7617280526530417,0.6933333333333334,0.64
1,8,0.5998170769414625,0.7266519107827899,0.69,0.65
1,9,0.5779098579855114,0.6919212124732692,0.6933333333333334,0.65
1,10,0.5559772334617675,0.6576069530455411,0.71,0.66
1,11,0.5336377941766962,0.623712332209677,0.72,0.66
1,12,0.5111640871973264,0.5903723740818904,0.73,0.68
1,13,0.4892291244508925,0.5577138057956966,0.7266666666666667,0.69
1,14,0.46849254395489937,0.5258846458608202,0.74,0.69
1,15,0.44959315221658064,0.4956182936238311,0.7733333333333333,0.76
1,16,0.4330284025541841,0.4680293507354297,0.7866666666666666,0.77
1,17,0.4187160142248032,0.4438433109469069,0.8,0.8
1,18,0.4060053057909665,0.4230236849872304,0.8033333333333333,0.8
1,19,0.39438459842976575,0.40521406857392966,0.8066666666666666,0.81
1,20,0.38377287446520586,0.3901350866097374,0.82,0.83
1,21,0.3743377710702613,0.3775511025677601,0.84,0.87
1,22,0.36623178853541,0.3671280512094922,0.88,0.91
1,23,0.35939257448377304,0.3583734871679533,0.8833333333333333,0.91
1,24,0.35349692568048025,0.3506809592323079,0.8866666666666667,0.91
1,25,0.3480820451508361,0.3434457871292105,0.89,0.91
1,26,0.3427452358941121,0.3362329892525161,0.8866666666666667,0.91
1,27,0.3372800820725313,0.32890144642569025,0.89,0.91
1,28,0.3316687598278786,0.3215727905004268,0.9,0.92
1,29,0.32597641799755755,0.314472899923119,0.91,0.92
1,30,0.32025370388970226,0.3077757618795069,0.91,0.92
1,31,0.31451244886891344,0.3015465525117835,0.9233333333333333,0.93
1,32,0.30876926443872266,0.2957901442689487,0.9266666666666666,0.93
1,33,0.30310754329225725,0.29054081226084333,0.9366666666666666,0.93
1,34,0.29769803919913407,0.2859078435506827,0.94,0.94
1,35,0.2927536963991623,0.28203876823607316,0.94,0.94
1,36,0.2884490469156224,0.2790348118120388,0.94,0.94
1,37,0.28485245472259924,0.2768783513637091,0.94,0.94
1,38,0.281903037261458,0.275411872573899,0.94,0.95
1,39,0.2794395867885073,0.2743767433439723,0.9466666666666667,0.95
1,40,0.27726286236523257,0.2734894778086834,0.9466666666666667,0.95
1,41,0.2751939730546853,0.2725126441747514,0.9466666666666667,0.95
1,42,0.2730984527233976,0.27128541518675753,0.9466666666666667,0.95
1,43,0.2708754130546758,0.2697118526676854,0.9466666666666667,0.95
1,44,0.26843589349816965,0.26773290294252766,0.9433333333333334,0.95
1,45,0.26569635527350205,0.26531106229583407,0.9433333333333334,0.95
1,46,0.262595335135173,0.26243850975880895,0.9433333333333334,0.94
1,47,0.25911799590256507,0.2591553171811435,0.9433333333333334,0.94
1,48,0.25530605910516463,0.25555540444505176,0.94,0.94
1,49,0.25124628958998146,0.25177193912990414,0.94,0.94
1,50,0.2470493127186529,0.24795240898021598,0.9366666666666666,0.93
1,51,0.2428334621849199,0.2442380686758435,0.93,0.93
1,52,0.238718490048851,0.2407542978726858,0.9266666666666666,0.93
1,53,0.23482363186190522,0.2376085217572292,0.9266666666666666,0.93
1,54,0.2312614880897444,0.2348881899690579,0.9266666666666666,0.93
1,55,0.22812376139420507,0.2326539226207692,0.9233333333333333,0.92
1,56,0.22546248100872446,0.23092891258389214,0.9233333333333333,0.92
1,57,0.2232756757358103,0.22969058698237485,0.92,0.92
1,58,0.22150648086667,0.22887139704410583,0.9166666666666666,0.92
1,59,0.22005909310814217,0.22837165079158686,0.9133333333333333,0.92
1,60,0.2188263064684497,0.22808044076527115,0.91,0.92
1,61,0.2177167274295141,0.2278955745769916,0.9066666666666666,0.91
1,62,0.21667024272211066,0.22773442751243164,0.9066666666666666,0.91
1,63,0.2156579964948756,0.2275344025146321,0.9066666666666666,0.91
1,64,0.2146721501707872,0.22724853179290652,0.9066666666666666,0.91
1,65,0.2137144739344105,0.22684317690976383,0.9066666666666666,0.91
1,66,0.2127897518917091,0.22630046933461542,0.9066666666666666,0.91
1,67,0.21190390003341256,0.22562247273813188,0.91,0.91
1,68,0.21106297423600995,0.2248318266924094,0.9133333333333333,0.92
1,69,0.21027044062647854,0.22396627299204128,0.9166666666666666,0.92
1,70,0.20952409014941106,0.22306929205056517,0.92,0.92
1,71,0.2088161307310915,0.22218168749375114,0.9233333333333333,0.92
1,72,0.20813766800315314,0.22133710247905594,0.9233333333333333,0.92
1,73,0.20748429691624978,0.22056025958881723,0.9233333333333333,0.92
1,74,0.20685777851645937,0.21986465390092694,0.9233333333333333,0.92
1,75,0.2062619002105206,0.21924856855933628,0.9233333333333333,0.92
1,76,0.20569572322919152,0.21869218308034694,0.9233333333333333,0.92
1,77,0.20514982950945804,0.21816009259445607,0.9233333333333333,0.92
1,78,0.20460893806138286,0.21761104050223168,0.9233333333333333,0.92
1,79,0.2040594204908279,0.21701194310013844,0.9233333333333333,0.92
1,80,0.20349666474598369,0.2163499031756233,0.9233333333333333,0.92
1,81,0.20292741786079888,0.21563636602286695,0.9233333333333333,0.92
1,82,0.20236575475773277,0.21490165091637994,0.9233333333333333,0.92
1,83,0.20182554647636672,0.21418317427635622,0.9233333333333333,0.93
1,84,0.20131435703813103,0.21351354722656113,0.9266666666666666,0.93
1,85,0.20083227912892376,0.21291367299355346,0.9266666666666666,0.93
1,86,0.20037546471844606,0.21239198447327395,0.9266666666666666,0.93
1,87,0.19994086184437723,0.21194709233444198,0.9266666666666666,0.93
1,88,0.19952831994977108,0.21157011842912596,0.9266666666666666,0.93
1,89,0.19913878495830573,0.21124513854523588,0.9266666666666666,0.93
1,90,0.19877051441936525,0.21094917094766924,0.9266666666666666,0.93
1,91,0.1984165572521474,0.21065427528757308,0.9266666666666666,0.93
1,92,0.198065368112255,0.2103326765232159,0.9266666666666666,0.93
1,93,0.19770381260557948,0.209963021434053,0.9266666666666666,0.93
1,94,0.19732027103946934,0.20953451751702798,0.9266666666666666,0.93
1,95,0.19690612534281315,0.20904695423630598,0.93,0.93
1,96,0.19645563724250995,0.2085072164353944,0.93,0.93
1,97,0.19596534441174357,0.20792466465888862,0.93,0.93
1,98,0.1954338573907123,0.20730760794071743,0.93,0.93
1,99,0.19486199202672141,0.20666169917170407,0.93,0.93
1,100,0.1942526247418167,0.205989825850512,0.93,0.93
2,0,0.949440712171513,0.9007427281542136,0.6266666666666667,0.66
2,1,0.8941242048013426,0.855688523113828,0.63,0.68
2,2,0.8462395683152043,0.8143817149298601,0.6333333333333333,0.71
2,3,0.8034198165260167,0.7673249627378738,0.6533333333333333,0.71
2,4,0.7624717183966961,0.7257556657776838,0.6666666666666666,0.71
2,5,0.723340945586651,0.6872482984045674,0.68,0.72
2,6,0.6853301123378844,0.6502708082458721,0.6866666666666666,0.71
2,7,0.6480378212870038,0.6156723197340427,0.6933333333333334,0.71
2,8,0.6121177217723204,0.5847934913094154,0.7,0.72
2,9,0.5777878454864915,0.5571975905243679,0.7033333333333334,0.72
2,10,0.544916447589605,0.5318701781842493,0.71,0.77
2,11,0.5141080093442818,0.5088205522245268,0.7433333333333333,0.77
2,12,0.48617841286201935,0.4883568927251353,0.7533333333333333,0.79
2,13,0.4618187220679127,0.4706879001271308,0.76,0.8
2,14,0.44121485391034115,0.4554433738925176,0.77,0.8
2,15,0.42367547213138107,0.44140330649081866,0.8066666666666666,0.79
2,16,0.40807410729990246,0.42755350338838055,0.8233333333333334,0.82
2,17,0.3936396866863165,0.413708727893994,0.8366666666666667,0.83
2,18,0.3801425151542956,0.400142962042592,0.8666666666666667,0.85
2,19,0.3677601455317144,0.38732557099303394,0.8833333333333333,0.89
2,20,0.3568181113141085,0.37571981169832314,0.8866666666666667,0.89
2,21,0.34755091274404104,0.3656150471609554,0.91,0.91
2,22,0.33996629081491764,0.3570608094519603,0.9166666666666666,0.92
2,23,0.33383999119250823,0.34990420034897374,0.9233333333333333,0.92
2,24,0.3288255338480428,0.3438907721091025,0.9366666666666666,0.92
2,25,0.32458074604415227,0.3387688603925191,0.9333333333333333,0.93
2,26,0.32081137056153486,0.3343299749958733,0.9366666666666666,0.95
2,27,0.3172373255488523,0.33037504257166295,0.94,0.95
2,28,0.3135583036942139,0.32666519605572797,0.94,0.95
2,29,0.3094862575965548,0.3229300022319804,0.94,0.95
2,30,0.30484814748689076,0.31895248057939773,0.94,0.95
2,31,0.29967082771479714,0.3146564682326395,0.9433333333333334,0.95
2,32,0.29415948748763354,0.3101101793450912,0.95,0.95
2,33,0.28859498288073715,0.30545936432496856,0.95,0.95
2,34,0.28323444073360404,0.3008587295032401,0.95,0.95
2,35,0.27826128430927083,0.29643780381863266,0.9466666666666667,0.95
2,36,0.2737813818711105,0.29229637829851784,0.95,0.95
2,37,0.26984224217619734,0.2885121373029318,0.95,0.95
2,38,0.2664528951514107,0.28514548662049854,0.95,0.95
2,39,0.2635892658612362,0.28223048167480275,0.9533333333333334,0.94
2,40,0.2611831114348176,0.27975094981061693,0.95,0.94
2,41,0.2591111889351078,0.27761889960398056,0.95,0.94
2,42,0.25720992809847254,0.27568193991120665,0.9533333333333334,0.94
2,43,0.255321071969721,0.27376751073453504,0.9533333333333334,0.94
2,44,0.2533381813610633,0.27173508615943304,0.9533333333333334,0.94
2,45,0.2512190799715949,0.26950007905270806,0.9533333333333334,0.94
2,46,0.24896408801858386,0.26702600507860824,0.9533333333333334,0.94
2,47,0.2465871864109754,0.2643081333730122,0.9533333333333334,0.94
2,48,0.24410172802504396,0.26136679217007464,0.9533333333333334,0.95
2,49,0.24152190305793128,0.25824979324255654,0.9533333333333334,0.95
2,50,0.23886810134998251,0.25503273034398105,0.95,0.95
2,51,0.23616538483263952,0.25180861702745744,0.95,0.95
2,52,0.23343376711122418,0.24866799714356846,0.95,0.95
2,53,0.23067745080379917,0.2456783497333279,0.95,0.95
2,54,0.22788178720181426,0.24287248616279652,0.95,0.95
2,55,0.22502154859918533,0.24025025876732664,0.95,0.95
2,56,0.22207636766144592,0.23779032478974496,0.95,0.94
2,57,0.21904436688464102,0.2354638909670162,0.9466666666666667,0.94
2,58,0.21594639558394532,0.23324323851272144,0.9433333333333334,0.94
2,59,0.21281964911268733,0.23110320864317468,0.9433333333333334,0.94
2,60,0.20970594882925483,0.2290193403637779,0.9433333333333334,0.93
2,61,0.20664223008943564,0.22696804341620624,0.94,0.93
2,62,0.20365796857350002,0.22493144491572026,0.94,0.93
2,63,0.20077898577822845,0.22290502291037131,0.9333333333333333,0.93
2,64,0.1980330625403998,0.22090333714575194,0.9333333333333333,0.94
2,65,0.195452326535182,0.21895979546922992,0.93,0.94
2,66,0.1930701100833197,0.21711955061578203,0.9333333333333333,0.94
2,67,0.19091377678472307,0.21542811035419743,0.94,0.94
2,68,0.18899765872491506,0.21392028442115868,0.94,0.94
2,69,0.18732039388651203,0.2126138872556843,0.94,0.94
2,70,0.18586845404662464,0.21151018536178895,0.94,0.94
2,71,0.18462376128910088,0.21059943457552655,0.94,0.94
2,72,0.18357052039583846,0.20986715093281522,0.9433333333333334,0.94
2,73,0.18269702726527504,0.20929709158129486,0.9433333333333334,0.94
2,74,0.18199209551171716,0.20887021593737257,0.9466666666666667,0.94
2,75,0.18143988979441653,0.20856248061682708,0.9466666666666667,0.94
2,76,0.18101798476346212,0.20834519413920913,0.9466666666666667,0.94
2,77,0.18070057188648087,0.2081891826746271,0.9466666666666667,0.94
2,78,0.18046437382998784,0.20807042647873694,0.9533333333333334,0.94
2,79,0.18029265066961395,0.20797324442443613,0.9533333333333334,0.94
2,80,0.18017442785715185,0.20788886046606586,0.9533333333333334,0.94
2,81,0.18010009443561856,0.20781071476614266,0.9566666666666667,0.94
2,82,0.1800573279748937,0.20773018529348838,0.9566666666666667,0.95
2,83,0.18003065781882163,0.20763565597743475,0.9566666666666667,0.95
2,84,0.18000469482631212,0.20751494247866076,0.9566666666666667,0.95
2,85,0.1799681064008327,0.20735857531674795,0.9566666666666667,0.95
2,86,0.17991521106762667,0.20716133784053958,0.9566666666666667,0.95
2,87,0.17984441222925018,0.20692145704923898,0.9566666666666667,0.95
2,88,0.17975526991562862,0.20663890561380488,0.96,0.95
2,89,0.17964667115428096,0.20631464140726197,0.96,0.95
2,90,0.17951710388331255,0.20595127353756887,0.96,0.95
2,91,0.17936607349005199,0.20555407058378733,0.96,0.95
2,92,0.17919497862454128,0.20513087056416648,0.96,0.95
2,93,0.17900663666872524,0.20469046033303417,0.96,0.95
2,94,0.1788040196407152,0.2042402821233706,0.96,0.95
2,95,0.17858933654525935,0.20378476202659296,0.96,0.95
2,96,0.17836406364493138,0.20332494752828162,0.96,0.95
2,97,0.1781295924065648,0.20285920104692437,0.96,0.95
2,98,0.1778877196143817,0.20238423086957888,0.9633333333333334,0.95
2,99,0.17764050351316577,0.20189595100391217,0.9633333333333334,0.95
2,100,0.17738963266071556,0.20139013986976603,0.9633333333333334,0.95
3,0,1.011383755544659,0.802122693211519,0.65,0.7
3,1,0.958989925052285,0.7586835612311222,0.6633333333333333,0.7
3,2,0.9166335012829866,0.7221978531324192,0.6733333333333333,0.7
3,3,0.8720736475366262,0.6900503554448066,0.6633333333333333,0.72
3,4,0.8254073099567084,0.6620144979063852,0.66,0.76
3,5,0.7805413658429974,0.637861263955666,0.66,0.75
3,6,0.7380363284487282,0.6138393804833562,0.6533333333333333,0.75
3,7,0.6982578984764859,0.5903834880390756,0.66,0.72
3,8,0.6627459215446853,0.5697807950626501,0.67,0.72
3,9,0.6327038518330034,0.5533815494926286,0.68,0.75
3,10,0.6081011465334264,0.5408316938211644,0.6766666666666666,0.74
3,11,0.5874700057379931,0.5302749304903195,0.7066666666666667,0.75
3,12,0.5687364069032069,0.5195836883088228,0.72,0.76
3,13,0.5501456038010254,0.5072491943202152,0.7466666666666667,0.8
3,14,0.5305995174264936,0.4925266403107663,0.8,0.81
3,15,0.5095795989175231,0.47530094865034755,0.8366666666666667,0.84
3,16,0.48688618727895533,0.45581233566646767,0.89,0.88
3,17,0.4625715465802896,0.43450736838607334,0.8933333333333333,0.89
3,18,0.43709042916118385,0.4120867584485112,0.8933333333333333,0.88
3,19,0.4113317884587344,0.3895100862132496,0.8966666666666666,0.89
3,20,0.386399831606326,0.36780483333725106,0.8966666666666666,0.89
3,21,0.3632491355786385,0.3477283171864666,0.8966666666666666,0.89
3,22,0.34236718218686607,0.32946264818886667,0.9066666666666666,0.89
3,23,0.3237115698287655,0.31259656994289214,0.9166666666666666,0.89
3,24,0.3069147757995095,0.2965147877629796,0.92,0.9
3,25,0.2914996420852898,0.28092334155011534,0.9266666666666666,0.9
3,26,0.2770512319573662,0.2660370677409757,0.9233333333333333,0.91
3,27,0.2636161795269507,0.25234400804575796,0.9266666666666666,0.92
3,28,0.25174573758438734,0.24029912674411574,0.9266666666666666,0.93
3,29,0.24188683624530607,0.23016018181798725,0.9233333333333333,0.93
3,30,0.2340833809498382,0.22193378986010098,0.9233333333333333,0.94
3,31,0.2280699321477639,0.21541029626241437,0.9266666666666666,0.94
3,32,0.22343399209779094,0.21025380157641943,0.9333333333333333,0.94
3,33,0.2197410994713572,0.206093810274886,0.93,0.94
3,34,0.2166079601708038,0.20258959489537878,0.93,0.94
3,35,0.21373374159770436,0.19946551025705492,0.9266666666666666,0.94
3,36,0.21090673289372036,0.19652549031173913,0.9266666666666666,0.94
3,37,0.20800206868954743,0.19365658668750158,0.93,0.94
3,38,0.20497963189364687,0.19082801955597994,0.93,0.94
3,39,0.20188007797797144,0.1880839839058126,0.9333333333333333,0.94
3,40,0.19880887695785665,0.18552298417701696,0.94,0.94
3,41,0.1959039072303634,0.183262323997888,0.94,0.94
3,42,0.193296423079676,0.18139850649765776,0.94,0.94
3,43,0.19108138451012854,0.17997913205121013,0.94,0.94
3,44,0.18930648194280647,0.17899581158046318,0.94,0.94
3,45,0.18797846201526422,0.17839724792020026,0.9366666666666666,0.94
3,46,0.18707744576548577,0.17811257656777357,0.9333333333333333,0.95
3,47,0.18656724579806394,0.17807081048309434,0.9333333333333333,0.95
3,48,0.18639452571291798,0.1782064625541861,0.93,0.95
3,49,0.18648006166817385,0.17845233689811657,0.9366666666666666,0.95
3,50,0.18671302737651968,0.17872938820723877,0.9333333333333333,0.95
3,51,0.1869580511321782,0.17894426330018967,0.9333333333333333,0.95
3,52,0.18707669615697523,0.178999137324967,0.9333333333333333,0.95
3,53,0.1869561634002667,0.1788106667911599,0.9333333333333333,0.95
3,54,0.18653372107801752,0.178329628200182,0.9333333333333333,0.95
3,55,0.18580752071670018,0.17755257654367018,0.9333333333333333,0.95
3,56,0.18483099549269355,0.17652123303293815,0.9333333333333333,0.95
3,57,0.18369474512323022,0.1753111481180488,0.9333333333333333,0.95
3,58,0.18250340721440428,0.1740150155840141,0.9333333333333333,0.95
3,59,0.18135470606882145,0.17272634812006482,0.9333333333333333,0.95
3,60,0.18032485976943424,0.17152689345359104,0.9333333333333333,0.95
3,61,0.17946099212081076,0.170478344751494,0.93,0.95
3,62,0.1787791946536078,0.16961754503222856,0.9333333333333333,0.95
3,63,0.17826696821943283,0.16895478981279022,0.9333333333333333,0.95
3,64,0.17788966178708832,0.1684756665691226,0.9333333333333333,0.95
3,65,0.17760056885413783,0.16814680033516238,0.9333333333333333,0.95
3,66,0.17735306266325415,0.16792470707943788,0.9333333333333333,0.95
3,67,0.1771115198208138,0.16776549767285853,0.9333333333333333,0.95
3,68,0.17685746001391048,0.16763260212502715,0.9333333333333333,0.95
3,69,0.1765892102317778,0.1675006787646504,0.9333333333333333,0.95
3,70,0.1763164684274897,0.16735585547241363,0.9333333333333333,0.95
3,71,0.1760532048975898,0.16719394587324718,0.9333333333333333,0.95
3,72,0.17581206671307645,0.16701830353923594,0.9333333333333333,0.95
3,73,0.17560144467649058,0.16683787847405754,0.9366666666666666,0.95
3,74,0.17542444807025434,0.16666506673536674,0.94,0.95
3,75,0.17527861780244644,0.16651300876973538,0.9366666666666666,0.95
3,76,0.17515612583867216,0.16639283871079813,0.9366666666666666,0.95
3,77,0.1750450898354007,0.16631195981314595,0.9366666666666666,0.95
3,78,0.17493239926011872,0.1662740146266576,0.94,0.95
3,79,0.17480732747485395,0.16628015102425867,0.9366666666666666,0.95
3,80,0.17466435325415836,0.16633041754362568,0.9366666666666666,0.94
3,81,0.17450392524872083,0.16642431252652387,0.9366666666666666,0.94
3,82,0.1743311407324719,0.16656041003728286,0.94,0.94
3,83,0.17415340023009132,0.16673571764230793,0.94,0.94
3,84,0.17397820714016746,0.16694537460376171,0.94,0.94
3,85,0.17381157956336774,0.1671826999320131,0.94,0.94
3,86,0.17365691782946377,0.16743920299534223,0.9433333333333334,0.94
3,87,0.17351422396583605,0.16770441138229755,0.9433333333333334,0.95
3,88,0.1733800040363258,0.16796591632269206,0.9433333333333334,0.95
3,89,0.17324826108440272,0.1682102046234215,0.9433333333333334,0.95
3,90,0.17311243373512644,0.16842438410482471,0.9433333333333334,0.95
3,91,0.17296745797856816,0.16859824041149146,0.9433333333333334,0.95
3,92,0.17281101850013716,0.16872580468045395,0.9433333333333334,0.94
3,93,0.1726436240929628,0.1688059388908416,0.9433333333333334,0.94
3,94,0.1724678410257692,0.1688419817957129,0.9433333333333334,0.94
3,95,0.17228726719821538,0.16884078242895928,0.9466666666666667,0.94
3,96,0.17210559068061335,0.1688113998454282,0.9466666666666667,0.94
3,97,0.17192577430059933,0.16876363585603715,0.9466666666666667,0.94
3,98,0.17174938399511006,0.168706611577156,0.9466666666666667,0.94
3,99,0.1715762399921145,0.16864771282555427,0.9466666666666667,0.95
3,100,0.17140459298010102,0.168592179295038,0.9466666666666667,0.95
4,0,0.9432934401700834,0.9923688964372457,0.63,0.68
4,1,0.8768918712979742,1.0071494438739055,0.6466666666666666,0.65
4,2,0.8454171795170983,0.98776753484692,0.6666666666666666,0.68
4,3,0.7860978292228795,0.8665291236941528,0.6666666666666666,0.66
4,4,0.7519768016091724,0.8155628546024535,0.6833333333333333,0.68
4,5,0.7412791547817613,0.7960062799230141,0.6933333333333334,0.68
4,6,0.7242685343499227,0.7921286273091295,0.7066666666666667,0.7
4,7,0.70547870998968,0.7853128665600778,0.7166666666666667,0.7
4,8,0.6874904549090585,0.7643697122880555,0.72,0.71
4,9,0.6683931671303271,0.7363142108583709,0.7233333333333334,0.73
4,10,0.6476843361707506,0.7078108590039638,0.73,0.74
4,11,0.6257959229813698,0.6810834755109947,0.7433333333333333,0.73
4,12,0.6032517293732153,0.6564334725942359,0.7466666666666667,0.73
4,13,0.5805613350802835,0.6335407543816692,0.75,0.73
4,14,0.5582893916324537,0.6120592356151758,0.7533333333333333,0.73
4,15,0.5369498839365123,0.5917179333027237,0.7533333333333333,0.73
4,16,0.5168310772654432,0.5722016543844795,0.7566666666666667,0.74
4,17,0.4979049257623043,0.5530903338774917,0.7766666666666666,0.74
4,18,0.4799717639681028,0.5340752205384763,0.7766666666666666,0.75
4,19,0.46295204479845503,0.5152455061070975,0.7733333333333333,0.75
4,20,0.4470171467487965,0.4970259191659534,0.7833333333333333,0.76
4,21,0.4324697238555541,0.4798403992364437,0.7866666666666666,0.77
4,22,0.4195111861383767,0.46382161960148527,0.7833333333333333,0.77
4,23,0.40805222921202394,0.44873790043562034,0.7833333333333333,0.78
4,24,0.3977445396587399,0.4342319571249398,0.81,0.76
4,25,0.3882891974866202,0.42023825770564677,0.8166666666666667,0.77
4,26,0.37969155986952496,0.40713121382108985,0.8266666666666667,0.79
4,27,0.372174338270047,0.3954944478795425,0.8333333333333334,0.8
4,28,0.36590395885099963,0.38581062674575656,0.8466666666666667,0.81
4,29,0.36078128394289116,0.37825838636208836,0.8633333333333333,0.82
4,30,0.3564412881770727,0.37268388930937874,0.8633333333333333,0.83
4,31,0.3524719629983346,0.3687675565624729,0.8633333333333333,0.84
4,32,0.3486612222229504,0.3662451792374311,0.8866666666666667,0.84
4,33,0.34505625448048166,0.3649721986630605,0.8833333333333333,0.84
4,34,0.34181555323090246,0.36478705108377063,0.8933333333333333,0.85
4,35,0.33898691479928383,0.36531444124096824,0.89,0.84
4,36,0.33639902909751274,0.36592156779070123,0.8966666666666666,0.86
4,37,0.3337716926499995,0.3659117785068577,0.9,0.85
4,38,0.3309118975234357,0.3647750369519783,0.9066666666666666,0.87
4,39,0.327790359065198,0.3623220121642003,0.9066666666666666,0.89
4,40,0.3244747924096414,0.3587098678155328,0.9133333333333333,0.9
4,41,0.3210167149859927,0.35433444380751633,0.91,0.9
4,42,0.3173897734532611,0.3495996170181704,0.91,0.9
4,43,0.31353345801720867,0.34476354311037133,0.9133333333333333,0.9
4,44,0.30945158877938317,0.33996728831272266,0.9133333333333333,0.9
4,45,0.3052488183917587,0.33531321412061954,0.9166666666666666,0.9
4,46,0.3010711972312119,0.3308719722944211,0.9166666666666666,0.9
4,47,0.2970185509837547,0.32664319136359515,0.9233333333333333,0.9
4,48,0.29310465421357046,0.3225488508847251,0.9266666666666666,0.9
4,49,0.28929074114005465,0.3184918759521173,0.93,0.89
4,50,0.285551559552929,0.3144345948359697,0.93,0.88
4,51,0.28190686764009387,0.31042716378515234,0.93,0.88
4,52,0.27839821624482775,0.3065725649398559,0.9366666666666666,0.89
4,53,0.27504805397610765,0.3029706645268121,0.9366666666666666,0.89
4,54,0.27184509604249585,0.29968379568212333,0.9366666666666666,0.89
4,55,0.26876605869580655,0.29673399828533176,0.9366666666666666,0.88
4,56,0.2658057328574325,0.29411185962886377,0.9433333333333334,0.88
4,57,0.26298265243247876,0.2917743971841941,0.9433333333333334,0.88
4,58,0.2603186940415314,0.28963518095080465,0.9466666666666667,0.89
4,59,0.257816561214464,0.2875697181258796,0.9466666666666667,0.89
4,60,0.2554555795148531,0.285448951155099,0.9466666666666667,0.9
4,61,0.2532064491799162,0.28318605392120577,0.9466666666666667,0.91
4,62,0.2510488575482819,0.2807659341877608,0.9466666666666667,0.92
4,63,0.2489753839619111,0.2782393513318917,0.95,0.92
4,64,0.24698051517612726,0.27568981138099646,0.95,0.92
4,65,0.24504824310821335,0.2731960186776755,0.95,0.93
4,66,0.2431515424847881,0.2708087363506177,0.95,0.93
4,67,0.24126386262758948,0.26854680771811806,0.95,0.93
4,68,0.23937049160242674,0.26640409424702316,0.95,0.93
4,69,0.2374691054974344,0.26435668584843347,0.9466666666666667,0.93
4,70,0.23556110132915264,0.2623675624486011,0.9466666666666667,0.93
4,71,0.23364383228542973,0.260393090348466,0.9466666666666667,0.93
4,72,0.2317108912701666,0.2583942889379158,0.9466666666666667,0.92
4,73,0.22975812988577757,0.256348571032685,0.9466666666666667,0.92
4,74,0.22778729657808314,0.25425380338830633,0.9466666666666667,0.92
4,75,0.2258025537803001,0.2521212288582049,0.9466666666666667,0.92
4,76,0.22380318904860838,0.24996226655629855,0.9466666666666667,0.93
4,77,0.2217795776770394,0.2477778858090274,0.9466666666666667,0.93
4,78,0.21971569990869236,0.2455555973499888,0.9466666666666667,0.93
4,79,0.2175951786567024,0.24327279109990665,0.9466666666666667,0.93
4,80,0.21540551923981308,0.24090208512886865,0.9466666666666667,0.93
4,81,0.21313839033887105,0.23841603630547734,0.9466666666666667,0.93
4,82,0.2107880644146521,0.23579160581775974,0.95,0.92
4,83,0.2083511036577049,0.23301537666126418,0.95,0.92
4,84,0.20582790707422824,0.23008850476599288,0.95,0.92
4,85,0.20322410866163065,0.2270286510644226,0.95,0.92
4,86,0.2005498271152226,0.22386704872585117,0.95,0.92
4,87,0.19781702149122687,0.2206417152013356,0.95,0.92
4,88,0.19503706749881136,0.21738997415490938,0.95,0.92
4,89,0.19222032427191324,0.2141432380200439,0.9533333333333334,0.92
4,90,0.18937756034653205,0.21092506098340136,0.9533333333333334,0.92
4,91,0.18652166422477875,0.20775167401433972,0.9566666666666667,0.93
4,92,0.18366829528457804,0.2046337864020277,0.9566666666666667,0.94
4,93,0.18083545784454078,0.2015790759004486,0.9566666666666667,0.95
4,94,0.1780429331630967,0.1985953144028154,0.96,0.95
4,95,0.1753122723070212,0.19569378309766816,0.96,0.95
4,96,0.17266710804010027,0.1928919255966322,0.96,0.95
4,97,0.17013296268512557,0.19021401095668244,0.96,0.95
4,98,0.16773606813872396,0.18768933852735725,0.96,0.94
4,99,0.16550153844523724,0.1853486706869416,0.96,0.95
4,100,0.16345168658307177,0.1832202450460563,0.96,0.95
